country,state,city
MahaKisan,Om Gayatri,Karad Sonewadi
MahaKisan,Godakathagro,Manikpunj
MahaKisan,Godakathagro,Jaydare
MahaKisan,Saptapadi,Mohlangi
MahaKisan,Fresh Farm Bag,FFB
MahaKisan,Fresh Farm Bag,JD Pawar
MahaKisan,Fresh Farm Bag,Pawar
MahaKisan,Fresh Farm Bag,SB Borse
MahaKisan,Fresh Farm Bag,RP Pawar
MahaKisan,Fresh Farm Bag,Borse
MahaKisan,Sai Leela,Sakhla
MahaKisan,Godaparisar,SB - Godown
MahaKisan,Godaparisar,BD - Godown
MahaKisan,Godaparisar,KB - Godown
MahaKisan,Godaparisar,GS - Godown
MahaKisan,Godaparisar,RD - Godown
MahaKisan,Godaparisar,DL - Godown
MahaKisan,Gopalratna,Nashik Road A1
MahaKisan,Gopalratna,Nashik Road A2
MahaKisan,Gopalratna,Kersane (B1)
MahaKisan,Gopalratna,Agrawal (C1)
MahaKisan,Krushi kanya agro,DK Godown
MahaKisan,Krushi kanya agro,Sai Godown
MahaKisan,Krushi kanya agro,Yoshodai Godown
MahaKisan,Krushi kanya agro,Shree Godown
MahaKisan,Krushi kanya agro,Devraj Godown
MahaKisan,Krushi kanya agro,Navnath Godown
MahaKisan,Krushi kanya agro,Sunny Godown
MahaKisan,Krushi kanya agro,Mauli Godown
MahaKisan,Krushi kanya agro,Shivba Godown
MahaKisan,Krushi kanya agro,Maxx Godown
MahaKisan,Dev Mamledar,LMN
MahaKisan,Dev Mamledar,Ganesh
MahaKisan,Dev Mamledar,R K
MahaKisan,Yuvan Grower Tech,YUVANGT-1 (Bhaskarlili 1)
MahaKisan,Yuvan Grower Tech,YUVANGT-2 (Sachin Patil Godown)
MahaKisan,Yuvan Grower Tech,YUVANGT-3 (Bajrang Treders 1)
MahaKisan,Yuvan Grower Tech,YUVANGT-4 (Prashant Patil Godown)
MahaKisan,Yuvan Grower Tech,YUVANGT-5 (Bajrang Treders 2)
MahaKisan,Yuvan Grower Tech,YUVANGT-6 (Bajrang Treders 3)
MahaKisan,Yuvan Grower Tech,YUVANGT-7 (Vyavahare Godown 1)
MahaKisan,Yuvan Grower Tech,YUVANGT-8 (Vyavahare Godown 1)
MahaKisan,Yuvan Grower Tech,YUVANGT-9 (Vyavahare Godown 1)
MahaKisan,Yuvan Grower Tech,YUVANGT-10 (Bhaskarlili 2)
MahaKisan,Yuvan Grower Tech,YUVANGT-11 (Pooja Godown 1)
MahaKisan,Yuvan Grower Tech,YUVANGT-12 (Bajrang Treders 4)
MahaKisan,Yuvan Grower Tech,YUVANGT-13 (Bajrang Treders 5)
MahaKisan,Yuvan Grower Tech,YUVANGT-14 (Pooja Godown 2)
MahaKisan,Yuvan Grower Tech,YUVANGT-15 (Pooja Godown 3)
MahaKisan,Yuvan Grower Tech,YUVANGT-16 (Pooja Godown 4)
MahaKisan,Yuvan Grower Tech,YUVANGT-17 (Pooja Godown 5)
MahaKisan,Yuvan Grower Tech,YUVANGT-18 (KGN 1)
MahaKisan,Yuvan Grower Tech,YUVANGT-19 (KGN 2)
MahaKisan,Yuvan Grower Tech,YUVANGT-20 (KGN 3)
MahaKisan,Yuvan Grower Tech,YUVANGT-21 (KGN 4)
MahaKisan,Yuvan Grower Tech,YUVANGT-22 (KGN 5)
MahaKisan,Yuvan Grower Tech,YUVANGT-23 (KGN 6)
MahaKisan,Yuvan Grower Tech,YUVANGT-24 (KGN 7)
MahaKisan,Yuvan Grower Tech,YUVANGT-16 A (Pooja Godown 4)
MahaKisan,Yuvan Grower Tech,YUVANGT-25 (KGN 8)
MahaKisan,Yuvan Grower Tech,YUVANGT-26 (KGN 8)
MahaKisan,Yuvan Grower Tech,YUVANGT-27 (Pooja Godown 6)
MahaKisan,Yuvan Grower Tech,YUVANGT-28 (KGN 10)
MahaKisan,Bhulaxmi,Pawar Godown
MahaKisan,Bhulaxmi,Kasliwal Godown
MahaKisan,Greatwork,Bagwadi Godown 1
MahaKisan,Greatwork,Bagwadi Godown 2
MahaKisan,Yuvan,Bafna Godown
MahaKisan,Yuvan,Thakkar Godown
MahaKisan,Yuvan,Bandari Godown
MahaKisan,Sahyadri Adivasi,Sai Godown (Nandgaon)
MahaKisan,Sahyadri Adivasi,Aggrarwal Godown (Nandgaon)
MahaKisan,Sahyadri Adivasi,Bandu Patil Godown (Jategaon)
MahaKisan,Gau Nandani,Agrawal Godown
MahaKisan,Gram Uday,Sai Godown Yeola
MahaKisan,Navnirmit Shetkari,Chandak Godown
MahaKisan,Karad Agro,BTC Godown
MahaKisan,Karad Agro,KGN Godown
MahaKisan,Five Star Green,Sundar Lalaman Tiwari A1
MahaKisan,Five Star Green,Dharma Kalu Shivle B1
MahaKisan,Five Star Green,Dharma Kalu Shivle B2
MahaKisan,Five Star Green,Ramesh Kashiram Shivle C1
MahaKisan,Five Star Green,Ramesh Kashiram Shivle C2
MahaKisan,Five Star Green,Nilesh Darma Sonawane D1
MahaKisan,Five Star Green,Asif Salim Patel A3
MahaKisan,Five Star Green,Keshar Hiralal Dube E2
MahaKisan,Five Star Green,Nilesh Shataram Patil E3
MahaKisan,Five Star Green,Ahilyabai Pandit Patil F1
MahaKisan,Five Star Green,Dilip Tukaram Patil E1
MahaKisan,Five Star Green,Bhausaheb Babulal Pawar C3
MahaKisan,Five Star Green,Kashinath Tulashiram Bhosale D3
MahaKisan,Five Star Green,Dadaji Baraku Ahire D4
MahaKisan,Five Star Green,Vasant Shambhau Borase V1
MahaKisan,Five Star Green,Shekhar Shivaman Borase S1
MahaKisan,Five Star Green,Shravan Tulashiram Borase S2
MahaKisan,Five Star Green,Balu Jayram Borase S3
MahaKisan,Five Star Green,Baban Lalman Tiwari F2
MahaKisan,Umrane Farmers,Jibhau Deore
MahaKisan,Umrane Farmers,SP Godown
MahaKisan,Umrane Farmers,Kailas Deore Godown
MahaKisan,Umrane Farmers,GD Chawl
MahaKisan,Umrane Farmers,PD Godown
MahaKisan,Umrane Farmers,Jadhav Chawl
MahaKisan,Krushi Bindu,MIDC
MahaKisan,Dnyandeep fruits and vegetable,Fulgari Godown
MahaKisan,Mahahirkani,Dhondkarwadi Godown
MahaKisan,Mahahirkani,Chincholi Godown
MahaKisan,Mahahirkani,Ballalwadi Godown
MahaKisan,Mahahirkani,Shetwadi Godown
MahaKisan,Mahahirkani,Udapur Godown
MahaKisan,Krushishivar,Mahalunge Padwal
MahaKisan,Krushishivar,Ale
MahaKisan,Krushishivar,Hivare Junnar
MahaKisan,Krushishivar,Yedgaon
MahaKisan,Krushishivar,Alephata
MahaKisan,Krushishivar,Otur
MahaKisan,Krushishivar,Pargaon
MahaKisan,Sant savtamali,Shingave Godown
MahaKisan,Sant savtamali,Wadimala Godown
MahaKisan,Sant savtamali,ZP School Godown
Vefco,Vefco,Nafed Lasalgaon Complex (Vefco Godown)
Shetkari VKS Sanstha,Shetkari VKS Sanstha,Pimplegaon Society
Krushi Sadhna Society,Krushi Sadhna Society,Nafed Onion Complex Lasalgaon
MahaFPC,Krushi Kunj,Krushi Kunj Agro Produce Company
MahaFPC,Virtual Agrofarm FPC,Khanpur PPPIAD
MahaFPC,Virtual Agrofarm FPC,Vadgaon Sahni
MahaFPC,Agroway Producer Company,Navale chawl pohegaon
MahaFPC,Agroway Producer Company,Avtade chawl pohegaon
MahaFPC,Vaishnavdham Parunde FPC,Eknathvadi
MahaFPC,Jai Kaleshwari Agro Producer,Bolki
MahaFPC,Jai Kaleshwari Agro Producer,Ogadi
MahaFPC,Shri Gangagiri FPC,GN 1082 - Sarala SGM 1
MahaFPC,Shri Gangagiri FPC,GN 1083 - Sarala SGM 2
MahaFPC,Shri Gangagiri FPC,GN 1084 - Sarala SGM 3
MahaFPC,Shri Gangagiri FPC,GN 1196 - Sarala SGM 4
MahaFPC,Shri Gangagiri FPC,GN 1197 - Sarala SGM 5
MahaFPC,Shri Gangagiri FPC,GN 1198 - Sarala SGM 6
MahaFPC,Shri Gangagiri FPC,GN 1199 - Sarala SGM 7
MahaFPC,Shri Gangagiri FPC,GN 1200 - Sarala SGM 8
MahaFPC,Shri Gangagiri FPC,GN 1201 - Sarala SGM 9
MahaFPC,Punyastambh Farmer Agro Producer Co Ltd,GN 297 - Puntamba PPPIAD 1
MahaFPC,Punyastambh Farmer Agro Producer Co Ltd,GN 298 - Puntamba PPPIAD 2
MahaFPC,Punyastambh Farmer Agro Producer Co Ltd,GN 299 - Puntamba PPPIAD 3
MahaFPC,Punyastambh Farmer Agro Producer Co Ltd,GN 300 - Puntamba PPPIAD 4
MahaFPC,Punyastambh Farmer Agro Producer Co Ltd,GN 301 - Puntamba PPPIAD 5
MahaFPC,Punyastambh Farmer Agro Producer Co Ltd,GN 302 - Puntamba PPPIAD 6
MahaFPC,Punyastambh Farmer Agro Producer Co Ltd,GN 303 - Puntamba PPPIAD 7
MahaFPC,Punyastambh Farmer Agro Producer Co Ltd,GN 304 - Puntamba PPPIAD 8
MahaFPC,Punyastambh Farmer Agro Producer Co Ltd,GN 305 - Puntamba PPPIAD 9
MahaFPC,Punyastambh Farmer Agro Producer Co Ltd,GN 306 - Puntamba PPPIAD 10
MahaFPC,Punyastambh Farmer Agro Producer Co Ltd,GN 307 - Puntamba PPPIAD 11
MahaFPC,Punyastambh Farmer Agro Producer Co Ltd,GN 308 - Puntamba PPPIAD 12
MahaFPC,Punyastambh Farmer Agro Producer Co Ltd,GN 309 - Puntamba PPPIAD 13
MahaFPC,Punyastambh Farmer Agro Producer Co Ltd,GN 310 - Puntamba PPPIAD 14
MahaFPC,Punyastambh Farmer Agro Producer Co Ltd,GN 311 - Puntamba PPPIAD 15
MahaFPC,Punyastambh Farmer Agro Producer Co Ltd,GN 312 - Puntamba PPPIAD 16
MahaFPC,Punyastambh Farmer Agro Producer Co Ltd,GN 313 - Puntamba PPPIAD 17
MahaFPC,Punyastambh Farmer Agro Producer Co Ltd,GN 314 - Puntamba PPPIAD 18
MahaFPC,Punyastambh Farmer Agro Producer Co Ltd,GN 315 - Puntamba PPPIAD 19
MahaFPC,Punyastambh Farmer Agro Producer Co Ltd,GN 316 - Puntamba PPPIAD 20
MahaFPC,Punyastambh Farmer Agro Producer Co Ltd,GN 317 - Puntamba PPPIAD 21
MahaFPC,Punyastambh Farmer Agro Producer Co Ltd,GN 318 - Puntamba PPPIAD 22
MahaFPC,Punyastambh Farmer Agro Producer Co Ltd,GN 319 - Puntamba PPPIAD 23
MahaFPC,Punyastambh Farmer Agro Producer Co Ltd,GN 320 - Puntamba PPPIAD 24
MahaFPC,Punyastambh Farmer Agro Producer Co Ltd,GN 321 - Puntamba PPPIAD 25
MahaFPC,Punyastambh Farmer Agro Producer Co Ltd,GN 322 - Puntamba PPPIAD 26
MahaFPC,Punyastambh Farmer Agro Producer Co Ltd,GN 323 - Puntamba PPPIAD 27
MahaFPC,Punyastambh Farmer Agro Producer Co Ltd,GN 324 - Puntamba PPPIAD 28
MahaFPC,Punyastambh Farmer Agro Producer Co Ltd,GN 325 - Puntamba PPPIAD 29
MahaFPC,Punyastambh Farmer Agro Producer Co Ltd,GN 326 - Puntamba PPPIAD 30
MahaFPC,Punyastambh Farmer Agro Producer Co Ltd,GN 327 - Puntamba PPPIAD 31
MahaFPC,Punyastambh Farmer Agro Producer Co Ltd,GN 328 - Puntamba PPPIAD 32
MahaFPC,Punyastambh Farmer Agro Producer Co Ltd,GN 1086 - Puntamba Puntamba 33
MahaFPC,Punyastambh Farmer Agro Producer Co Ltd,GN 1087 - Puntamba Puntamba 34
MahaFPC,Punyastambh Farmer Agro Producer Co Ltd,GN 1088 - Puntamba Puntamba 35
MahaFPC,Punyastambh Farmer Agro Producer Co Ltd,GN 1089 - Puntamba Puntamba 36
MahaFPC,Punyastambh Farmer Agro Producer Co Ltd,GN 1090 - Puntamba Puntamba 37
MahaFPC,Punyastambh Farmer Agro Producer Co Ltd,GN 1091 - Puntamba Puntamba 38
MahaFPC,Punyastambh Farmer Agro Producer Co Ltd,GN 1092 - Puntamba Puntamba 39
MahaFPC,Vraddheshwar Agro FPC,Ram Lande
MahaFPC,Vraddheshwar Agro FPC,Laxman Nagare
MahaFPC,Vraddheshwar Agro FPC,Ananta Ukirde
MahaFPC,Vraddheshwar Agro FPC,Harishchandra Ghodechor
MahaFPC,Vraddheshwar Agro FPC,Babanrao Bhusari
MahaFPC,Vraddheshwar Agro FPC,Mahadev Avhad
MahaFPC,Vraddheshwar Agro FPC,Bhanudas Avhad
MahaFPC,Vraddheshwar Agro FPC,Suresh Avhad
MahaFPC,Vraddheshwar Agro FPC,Kanifnath Ubhedal
MahaFPC,Hariyali Green Veg,Lakhampuri Godown
MahaFPC,Duddheshwar,DFPC Nimgaoan Jali
MahaFPC,Duddheshwar,DFPC Konchi
MahaFPC,Duddheshwar,Nimgaoan Jali
MahaFPC,Duddheshwar,DFPC Ashwi
MahaFPC,Shramvikas,SFPC Ambhore
MahaFPC,Shramvikas,SFPC Pimpari
MahaFPC,Shree Gurudatta,Gore Sukhdev
MahaFPC,Agronirmiti Exports and innovations,Jotegaon KD PPPIAD
MahaFPC,Agronirmiti Exports and innovations,Gholap Chawl
MahaFPC,Bhimaghod Agro,Babhulsar PPP-IAD
MahaFPC,Unity Orgo,Lonivyank Nath PPPIAD
MahaFPC,Dattakrupa,Wagholi
MahaFPC,Dattakrupa,Adgaon
MahaFPC,Dattakrupa,Wadule KH
MahaFPC,Dattakrupa,Wagholi 02
MahaFPC,Shev Gaon Taluka,Bodhegaon
MahaFPC,Shev Gaon Taluka,Shingori
MahaFPC,Snehbandhagro,Kolgaon
MahaFPC,Shree Sai Venkateshwara,Shevgaon
MahaFPC,Kamala Bhavani Prasanna,Pimlawadi
MahaFPC,Nath Sagar,Shahartakali
MahaFPC,Sangamner,Arun Bibave
MahaFPC,Mulamai Agro,Mulamai Vambori PPIAD
MahaFPC,Chauranginath Agro,Karnji PPIAD
MahaFPC,Chauranginath Agro,Padhegaon PPIAD
MahaFPC,Chauranginath Agro,Kasli PPIAD
MahaFPC,Chauranginath Agro,Kelvani PPIAD
MahaFPC,Chauranginath Agro,Okadi PPIAD
MahaFPC,Chauranginath Agro,Bolki PPIAD
MahaFPC,Kendraimata Agro,GN862 Kendur 1
MahaFPC,Kendraimata Agro,GN863 Kendur 2
MahaFPC,Kendraimata Agro,GN864 Nirgudsarjawle -3
MahaFPC,Kendraimata Agro,GN865 Nirgudsarjawle -4
MahaFPC,Shivjanmbhumi,Amol Bhujbal Yenere 1
MahaFPC,Shree Vignahar Krushi,GN743 - Gadage 1-1
MahaFPC,Shree Vignahar Krushi,GN744 - Gadage 1-2
MahaFPC,Shree Vignahar Krushi,GN1244 - Nimgaon Sava Santosh Yevle -1
MahaFPC,Shree Vignahar Krushi,GN1243 - Nimgaon Sava Sunil Shinde - 1
MahaFPC,Shree Vignahar Krushi,GN1245 - NImgaon Sava Shri V FPC - 1
MahaFPC,Shree Vignahar Krushi,GN1246 - NImgaon Sava Shri V FPC - 2
MahaFPC,Shree Vignahar Krushi,GN1247 - NImgaon Sava Shri V FPC - 3
MahaFPC,Shree Bhimashankar Agro,Hivare
MahaFPC,Shree Bhimashankar Agro,Ranjani
MahaFPC,Shri Swamikrupa FPC,GN866-CHICHAPUR-SHRI SWAMIKRUPA-1
MahaFPC,Shri Swamikrupa FPC,GN867-CHICHAPUR-SHRI SWAMIKRUPA-2
MahaFPC,Shri Swamikrupa FPC,GN868-CHICHAPUR-SHRI SWAMIKRUPA-3
MahaFPC,Asharatna FPC,Dodi BK -1
MahaFPC,Asharatna FPC,Dodi BK -2
MahaFPC,Asharatna FPC,Dodi BK -3
MahaFPC,Asharatna FPC,Dodi BK -4
MahaFPC,Asharatna FPC,Dodi BK -5
MahaFPC,Asharatna FPC,Dodi BK -6
MahaFPC,Asharatna FPC,Dodi BK -7
MahaFPC,Asharatna FPC,Dodi BK -8
MahaFPC,Asharatna FPC,Dodi BK -9
MahaFPC,Asharatna FPC,Dodi BK -10
MahaFPC,Asharatna FPC,Dodi BK -11
MahaFPC,Asharatna FPC,Dodi BK -12
MahaFPC,Kulsamrat,Daulat Godown
MahaFPC,Kulsamrat,Pemgiri Godown
MahaFPC,Kulsamrat,Nimgav Godown
MahaFPC,Kulsamrat,Raoshaeb Dube Godown
MahaFPC,Sai Pravara Shetkari,Kesapur Godown
MahaFPC,Vambori FPC,Vambori PPIAD
MahaFPC,Bhimavally,Indapur PPIAD
MahaFPC,Ajinkya Agro,Washi PPIAD
MahaFPC,Pinakeshwar,GN971-JATEGAON-S-DRINDHE-1
MahaFPC,Pinakeshwar,GN975-JATEGAON-K-D-NIKAM-5
MahaFPC,Pinakeshwar,GN1228-Pinakeshwar Agro Jategaon-B-C Katkar-7
MahaFPC,Farmline,Naigaon 01
MahaFPC,Farmline,Naigaon 02
MahaFPC,Ganeshjyoti,Manori Godown
MahaFPC,Ganeshjyoti,Nandur Godown
MahaFPC,Gangeshwar,Gpfc 01
MahaFPC,Gangeshwar,Gpfc 02
MahaFPC,Gangeshwar,Gpfc 03
MahaFPC,Gangeshwar,Gpfc 04
MahaFPC,Agromark,GN960-Dhawleshwar-1-Dhawleshwar- 1-9
MahaFPC,Agromark,GN962-Dhawleshwar-1-Dhawleshwar- 2-1
MahaFPC,Agromark,GN961-Dhawleshwar-1-Dhawleshwar- 2-3
MahaFPC,Malhar,Shriram Bopegaon 1
MahaFPC,Malhar,Shriram Bopegaon 2
MahaFPC,Malhar,Shriram Bopegaon 3
MahaFPC,Naathji,Khandala PPPIAD
MahaFPC,Naathji,Vijapur Godown
MahaFPC,Naathji,MPT Purangaon
MahaFPC,Shriharinath Fariv,PBT
MahaFPC,Virbhadra,GN977
MahaFPC,Virbhadra,GN978
MahaFPC,Virbhadra,GN979
MahaFPC,Virbhadra,GN980
MahaFPC,Virbhadra,GN1322
MahaFPC,Virbhadra,GN1323
MahaFPC,Virbhadra,W222
MahaFPC,Virbhadra,W237
MahaFPC,Dikepatil Agrotech,Dikepatil Agrotech - 1
MahaFPC,Dikepatil Agrotech,Dikepatil Agrotech - 2
MahaFPC,Dikepatil Agrotech,Dikepatil Agrotech - 3
MahaFPC,Sariya,GN990 Wakla GHN0620 Tajmul Shaikh 1
MahaFPC,Sariya,GN991 Wakla Joshi 2
MahaFPC,Sariya,GN992 Wakla Sanjay Raut 3
MahaFPC,Sariya,GN Balasaheb Sonavne 4
MahaFPC,Godavari Valley,PPAID
MahaFPC,Godavari Valley,PPAID goda farm
MahaFPC,Godavari Valley,Borsar Godown
MahaFPC,Godavari Valley,Takli Sagaj Godown
MahaFPC,Godavari Valley,Dahegaon Godown
MahaFPC,Godavari Valley,Shivrai Godown
MahaFPC,Maungiri,GN993-LONI BK-Girijinath Baburao matsagar (1)
MahaFPC,Maungiri,GN996-LONI BK- Popat Bhagwat Ingale
MahaFPC,Maungiri,Yedu Bhika Dhotre
MahaFPC,Maungiri,Appasaheb Govind Matsagar Jarul
MahaFPC,Deccan Laxmi,Pimpalgaon Baswant Godown
MahaFPC,NSK,A8
MahaFPC,NSK,B10
MahaFPC,NSK,B11
MahaFPC,NSK,B12
MahaFPC,NSK,B13
MahaFPC,Dahigaon Sai Mauli,Dahigaon PPPIAD
MahaFPC,Dahigaon Sai Mauli,Narayan Aanasaheb Jamdar (Dhotra)
MahaFPC,Dahigaon Sai Mauli,Kashinath Kisan Gaikwad (Dahigaon)
MahaFPC,Dahigaon Sai Mauli,Sudakar Gangadhar Nilak (Kasii)
MahaFPC,Dahigaon Sai Mauli,Babasaheb Dada Vargude (Sanvatsar)
MahaFPC,Dahigaon Sai Mauli,Yogesh Balwant Manchare (Dahigaon)
MahaFPC,Dahigaon Sai Mauli,Sattanarayan Sopan Warkar (Khopadi)
MahaFPC,Dahigaon Sai Mauli,Prakash Eknath Kale (Sanvatsar)
MahaFPC,Dahigaon Sai Mauli,Gainanath Padrinath Nighot (Dahigaon)
MahaFPC,Dahigaon Sai Mauli,Sopan Raghunath Salunkhe (Godhegaon)
MahaFPC,Dahigaon Sai Mauli,Lakshman Baba Bhujade (Dahigaon)
MahaFPC,Dahigaon Sai Mauli,Venunath Punjaji Raut (Bhagaon)
MahaFPC,Dahigaon Sai Mauli,Padrinath Bapu Nighot (Apegaon)
MahaFPC,Dahigaon Sai Mauli,Sanjay Suryabhan Jagtap (Padhe)
MahaFPC,Dahigaon Sai Mauli,Dayndev Asaram Gaike
MahaFPC,Dahigaon Sai Mauli,Lakshman Chavan
MahaFPC,Dahigaon Sai Mauli,Haribhau Trimbak Pathade
MahaFPC,Dahigaon Sai Mauli,Bhaulal Ramrao Kanhare
MahaFPC,Dahigaon Sai Mauli,Machindra Bhikaji Pagar
MahaFPC,Dahigaon Sai Mauli,Alka Ashok Nikam
MahaFPC,Dahigaon Sai Mauli,Ashok Krushnath Gaiykwad
MahaFPC,Dahigaon Sai Mauli,Paunjahari Shivram Bhujade
MahaFPC,Dahigaon Sai Mauli,Kashinath Vishnu Kale
MahaFPC,Dahigaon Sai Mauli,Dattatray Changadev Karbhar
MahaFPC,Dahigaon Sai Mauli,Eknath Punjaji Rauth
MahaFPC,Dahigaon Sai Mauli,Jalim Amin Shaikh Dahigaon
MahaFPC,Dahigaon Sai Mauli,Bhimrao Waman Shalke Dahigaon
MahaFPC,Dahigaon Sai Mauli,Rajendra Sampat Kapase Dahigaon
MahaFPC,MMB,GN-482 MMB-PPPIAD-1
MahaFPC,MMB,GN-482 MMB-PPPIAD-2
MahaFPC,MMB,GN-482 MMB-PPPIAD-3
MahaFPC,MMB,GN-482 MMB-PPPIAD-4
MahaFPC,MMB,GN-482 MMB-PPPIAD-5
MahaFPC,MMB,GN-482 MMB-PPPIAD-6
MahaFPC,MMB,"GN-482 MMB-PPPIAD-7,8"
MahaFPC,MMB,GN-482 MMB-PPPIAD-8
MahaFPC,MMB,"GN-482 MMB-PPPIAD-8,9"
MahaFPC,Hi Tech,Ashapura Bhavan
MahaFPC,Hi Tech,Sitmai Lawns
MahaFPC,Goda darana agro,PPIAD Jaigaon
MahaFPC,Goda darana agro,Cold Storage
MahaFPC,Goda darana agro,Gol Rings
MahaFPC,Goda darana agro,Naigaon Godown
MahaFPC,Sugi,PPIAD - 01
MahaFPC,Sugi,PPIAD - 02
MahaFPC,Sugi,PPIAD - 03
MahaFPC,Sugi,PPIAD - 04
MahaFPC,Sugi,PPIAD - 05
MahaFPC,Sugi,PPIAD - 06
MahaFPC,Sugi,PPIAD - 07
MahaFPC,Sugi,PPIAD - 08
MahaFPC,Sugi,PPIAD - 09
MahaFPC,Sugi,PPIAD - 10
MahaFPC,Sugi,PPIAD - 11
MahaFPC,Sugi,PPIAD - 12
MahaFPC,Sugi,PPIAD - 13
MahaFPC,Sugi,PPIAD - 14
MahaFPC,Sugi,PPIAD - 15
MahaFPC,Sugi,PPIAD - 16
MahaFPC,Sugi,PPIAD - 17
MahaFPC,Sugi,PPIAD - 18
MahaFPC,Sugi,PPIAD - 19
MahaFPC,Sugi,PPIAD - 20
MahaFPC,Sugi,PPIAD - 21
MahaFPC,Sugi,PPIAD - 22
MahaFPC,Sugi,PPIAD - 23
MahaFPC,Sugi,PPIAD - 24
MahaFPC,Sugi,PPIAD - 25
MahaFPC,Sugi,PPIAD - 26
MahaFPC,Sugi,PPIAD - 27
MahaFPC,Sugi,PPIAD - 28
MahaFPC,Sugi,PPIAD - 29
MahaFPC,Sugi,PPIAD - 30
MahaFPC,Sugi,PPIAD - 31
MahaFPC,Sugi,PPIAD - 32
MahaFPC,Sugi,N - 01 Antapur
MahaFPC,Sugi,N - 02 Antapur
MahaFPC,Sugi,N - 03 Antapur
MahaFPC,Sugi,N - 04 Antapur
MahaFPC,Sugi,N - 05 Antapur
MahaFPC,Sugi,N - 06 Antapur
MahaFPC,Sugi,N - 07 Tarahabad
MahaFPC,Sugi,N - 08 Tarahabad
MahaFPC,Sugi,N - 09 Antapur
MahaFPC,Sugi,N - 10 Antapur
MahaFPC,Sugi,N - 11 Antapur
MahaFPC,Sugi,N - 12 Antapur
MahaFPC,Sugi,N - 13 Antapur
MahaFPC,Sugi,N - 14 Antapur
MahaFPC,Sugi,N - 15 Antapur
MahaFPC,Sugi,N - 16 Antapur
MahaFPC,Sugi,N - 17 Antapur
MahaFPC,Sugi,N - 18 Antapur
MahaFPC,Sugi,N - 19 Antapur
MahaFPC,Sugi,N - 20 Antapur
MahaFPC,Sugi,N - 21 Antapur
MahaFPC,Sugi,N - 22 Antapur
MahaFPC,Sugi,N - 23 Antapur
MahaFPC,Sugi,N - 24 Antapur
MahaFPC,Sugi,N - 25 Antapur
MahaFPC,Sugi,N - 26 Antapur
MahaFPC,Sugi,N - 27 Tarahabad
MahaFPC,Sugi,N - 28 Antapur
Maharajya,Onizone Agro,Jalim Amin Shaikh
Maharajya,Onizone Agro,Bhimrao Waman Shalke
Maharajya,Onizone Agro,Rajendra Sampat Kapase
Maharajya,Onizone Agro,Santosh Waikar (Godown owner)
Maharajya,Onizone Agro,Shivaji Gadhave (Godown owner)
Maharajya,Onizone Agro,Ajinkya Shantaram Gargote (Godown owner)
Maharajya,Onizone Agro,Aditya Shantaram Gargote (Godown owner)
Maharajya,Onizone Agro,Rajendra Shelake (Godown owner)
Maharajya,Suman Sindhu FPC,Madhukar Ukha Salve (Godown owner)
Maharajya,Suman Sindhu FPC,Kishor Dattatrey Salave (Godown owner)
Maharajya,Suman Sindhu FPC,Sahebrao Sahadu Salave (Godown owner)
Maharajya,Suman Sindhu FPC,Digambar Baburao Gangurde (Godown owner)
Maharajya,Suman Sindhu FPC,Rajendra Nimba Salave (Godown owner)
Maharajya,Suman Sindhu FPC,Yogesh Arvind Gharte (Godown owner)
Maharajya,Suman Sindhu FPC,Sudhakar Laxman Patil (Godown owner)
Maharajya,Suman Sindhu FPC,Govind Nimba Nahire (Godown owner)
Maharajya,Shet bhumi FPC,Pimpalkothe Godown
Maharajya,Shet bhumi FPC,Raosaheb Trambak Pawar (Godown owner)
Maharajya,Shet bhumi FPC,Umesh Sunil Nikam (Godown owner)
Maharajya,Shet bhumi FPC,Kishor Sudam Pawar (Godown owner)
Maharajya,Shet bhumi FPC,Sanjay Aananda Nerkar (Godown owner)
Maharajya,Shet bhumi FPC,Keshav Sonu Pawar (Godown owner)
Maharajya,Shet bhumi FPC,Babarao Bhila Gangurde (Godown owner)
Maharajya,Shet bhumi FPC,Abhiman Dadaji Bhamre (Godown owner)
Maharajya,Jaykisan Raja,Jaikisan Raja FPC
Maharajya,Jaykisan Raja,Mothabhau Shivaji Wagh
Maharajya,Jaykisan Raja,Abhijit Raman Wagh
Maharajya,Jaykisan Raja,Gautam Keduji Ahire
Maharajya,Jaykisan Raja,Dilip Shankar Shirsagar
Maharajya,Jaykisan Raja,Nimba Shripat Wagh
Maharajya,Jaykisan Raja,Dinesh Giridhar Surywanshi
Maharajya,Jaykisan Raja,Tarachand Vishram Deore
Maharajya,Jaykisan Raja,Dadaji Govind Nikam
Maharajya,Jaykisan Raja,Ramchandra Mahadu Deore
Maharajya,Jaykisan Raja,Keda Sheth Dandghaval
Maharajya,Jaykisan Raja,Vasant Mohan Deore
Maharajya,Jaykisan Raja,Bhausaheb Shankar Shewale
Maharajya,Jaykisan Raja,Samadhan Mothabhau Ahire
Maharajya,Jaykisan Raja,Dharma Narayan Shewale
Maharajya,Jaykisan Raja,Arvind Uttam Shewale
Maharajya,Jaykisan Raja,Varsha Bhaskar Fasale
Maharajya,Jaykisan Raja,Samadhan Mothabhau Deore
Maharajya,Jaykisan Raja,Bharat Khanderao Deore
Maharajya,Jaykisan Raja,Sanjay Bhika Deore
Maharajya,Jaykisan Raja,Ahilyabai Sudam Deore
Maharajya,Jaykisan Raja,Kautik Shripat Wagh
Maharajya,Jaykisan Raja,Bhagvan Trambak Dukle
Maharajya,Jaykisan Raja,Nanaji Malji Deore
Maharajya,Kille Galna FPC,Santosh Dhuka Kachave
Maharajya,Kille Galna FPC,Sandip Chetram Kachave
Maharajya,Kille Galna FPC,Madhavrao Trambak Patil
Maharajya,Kille Galna FPC,Nitin Bhagvan Bhamare
Maharajya,Kille Galna FPC,Ramdas Ratan Bhamare
Maharajya,Kille Galna FPC,Nalini Balasaheb Bhamare
Maharajya,Kille Galna FPC,Kamlabai Arjun Chaudhary
Maharajya,Kille Galna FPC,Shantaram Daga Bhamare
Maharajya,Kille Galna FPC,Mohan Ananda Khairnar
Maharajya,Kille Galna FPC,Pandit Vitthal Kapadnis
Maharajya,Kille Galna FPC,Sunil Dadaji Pagar
Maharajya,Kille Galna FPC,Nimbaji Padurang Thakare
Maharajya,Kille Galna FPC,Hitesh Sarjarao Pawar
Maharajya,Kille Galna FPC,Santosh Rambhau Suryavanshi
Maharajya,Kille Galna FPC,Dadaji Mansaram Pagar
Maharajya,Kille Galna FPC,Suresh Mahadu Kapadnis
Maharajya,Kille Galna FPC,Popat Ramkrushna Ahire
Maharajya,Kille Galna FPC,Dhananjay Vishvasrao Deshmukh
Maharajya,Godey FPC,Rajaram Hari Shinde
Maharajya,Godey FPC,Vithoba Kondaji Shinde
Maharajya,Godey FPC,Gautam Jayantilal Thakkar
Maharajya,Godey FPC,Bharat Shankarlal Thakkar
Maharajya,Godey FPC,Piyush Jaynti lal thakkar
Maharajya,Godey FPC,Dilip Shantilal Mutha
Maharajya,Godey FPC,Shrikanth Vishwanath Ghodke
Maharajya,Godey FPC,Paras Lakhichand Bafana
Maharajya,Godey FPC,Tushar Sanjay Bora
Maharajya,Godey FPC,Dinesh lalwani
Maharajya,Godey FPC,Javarilal Dagduram Sakla
Maharajya,Godey FPC,Balasaheb Ravaba Shinde
Pruthashakti,Shivshakti Udyog,Valghud
Pruthashakti,Shivshakti Udyog,Yogesh Lagad Godown
Pruthashakti,Shivshakti Udyog,Sandip Kshirsagar Godown
Pruthashakti,Shivshakti Udyog,Ravindra Kakade Godown
Pruthashakti,Shivshakti Udyog,Indapur Godown
Pruthashakti,Shivshakti Udyog,Mulewadi Godown
Pruthashakti,Shivshakti Udyog,Gurav Godown
Pruthashakti,Canopy,Pargaon Godown
Pruthashakti,Canopy,Arvi Godown
Pruthashakti,Shau,Manmad Godown
Pruthashakti,Shau,Vinchur Godown
Pruthashakti,Shau,Chandwad Godown 1
Pruthashakti,Shau,Chandwad Godown 2
Pruthashakti,Shivsiddha Govind,Vinchur
Pruthashakti,Shivsiddha Govind,Matane
Pruthashakti,Shivsiddha Govind,Nakode Godown - 1
Pruthashakti,Shivsiddha Govind,Nakode Godown - 2
Pruthashakti,Shivsiddha Govind,Nakode Godown - 3
Pruthashakti,Shivsiddha Govind,Nakode Godown - 4
Pruthashakti,Shivsiddha Govind,Manur Godown - 5
Pruthashakti,Shivsiddha Govind,Godown-1
Pruthashakti,Shivsiddha Govind,Godown-2
Pruthashakti,Shivsiddha Govind,Godown-3
Pruthashakti,Shivsiddha Govind,Godown-4
Pruthashakti,Shivsiddha Govind,Godown-5
Pruthashakti,Shivsiddha Govind,Godown-6
Pruthashakti,Shivsiddha Govind,Godown-7
Pruthashakti,Shivsiddha Govind,Godown-8
Pruthashakti,Shivsiddha Govind,Godown-9
Pruthashakti,Shivsiddha Govind,Godown-10
Pruthashakti,Shivsiddha Govind,Godown-11
Pruthashakti,Shivsiddha Govind,Godown-12
Pruthashakti,Shivsiddha Govind,Godown-13
Pruthashakti,Shivsiddha Govind,Godown-14
Pruthashakti,Shivsiddha Govind,Godown-15
Pruthashakti,Shivsiddha Govind,Godown-16
Pruthashakti,Shivsiddha Govind,Godown-17
Pruthashakti,Shivsiddha Govind,Godown-18
Pruthashakti,Shivsiddha Govind,Godown-19
Pruthashakti,Shivsiddha Govind,Godown-20
Pruthashakti,Shivsiddha Govind,Godown-21
Pruthashakti,Shivsiddha Govind,Godown-22
Pruthashakti,Shivsiddha Govind,Godown-23
Pruthashakti,Shivsiddha Govind,Godown-24
Pruthashakti,Shivsiddha Govind,Godown-25
Pruthashakti,Shivsiddha Govind,Godown-26
Pruthashakti,Shivsiddha Govind,Godown-27
Pruthashakti,Shivsiddha Govind,APMC Godown 1
Pruthashakti,Shivsiddha Govind,APMC Godown 2
Pruthashakti,Shivsiddha Govind,APMC Godown 3
Pruthashakti,Shivsiddha Govind,APMC Godown 4
Pruthashakti,Shivsiddha Govind,APMC Godown 5
Pruthashakti,Shivsiddha Govind,APMC Godown 6
Pruthashakti,Shivsiddha Govind,APMC Godown 7
Pruthashakti,Shivsiddha Govind,APMC Godown 8
Pruthashakti,Shivsiddha Govind,APMC Godown 9
Pruthashakti,Fresh Farm Harvest,Godown 1 Narodi
Pruthashakti,Fresh Farm Harvest,Godown 2 Malwadi
Pruthashakti,Fresh Farm Harvest,Padali Godown
Pruthashakti,Junnar Women FPC,Bankarphata Near Ganpati mandir
Pruthashakti,Junnar Women FPC,Shindewadi Bankarphata Udapur road
Pruthashakti,Junnar Women FPC,Bankarphata Otur
Pruthashakti,Beejshakti FPC,Devkauthe
Pruthashakti,Beejshakti FPC,Sukewadi Godown
Pruthashakti,Shivsiddha Govind,Chandwad Substation road Godown 1
Pruthashakti,Shivsiddha Govind,Chandwad Substation Godown 2
Pruthashakti,Shivsiddha Govind,Chandwad Godown 3
Pruthashakti,Haritshakti,Malewadi Khalsa Shed 1
Pruthashakti,Haritshakti,Malewadi Khalsa Shed 2
Pruthashakti,Haritshakti,Nisarg Lawns Godown 1
Pruthashakti,Haritshakti,Malewadi Khalsa Shed 3
Pruthashakti,Haritshakti,Malewadi Khalsa Shed 4
Pruthashakti,Haritshakti,Malewadi Khalsa Shed 5
Pruthashakti,Haritshakti,Malewadi Khalsa Shed 6
Pruthashakti,Haritshakti,Malewadi Khalsa Shed 7
Pruthashakti,Haritshakti,Malewadi Khalsa Shed 8
MahaRajya,Onizone Agro,Patil Godown
MahaRajya,Krushi Bandhan,Parasmal Godown
MahaRajya,Aatmnirebhar Shetkari,Aatmnirbhar Home Godown
MahaRajya,Bagalan Bhumi putra,Shashikant Ramchandra Kor
MahaRajya,Bagalan Bhumi putra,Swapnil Ramesh Tatar
MahaRajya,Bagalan Bhumi putra,Ashish Dilip Wakhare
MahaRajya,Bagalan Bhumi putra,Ganesh Gokul Bhavsar
MahaRajya,Bagalan Bhumi putra,Vijay Nimba Nerkar
MahaRajya,Bagalan Bhumi putra,Nathu Babaji Nikam
MahaRajya,Bagalan Bhumi putra,Sachin Ramesh Mutha
MahaRajya,Bagalan Bhumi putra,Sudhakar Punjaram Pagar
MahaRajya,Bagalan Bhumi putra,Pruthviraj Dosha Dhondage
MahaRajya,Bagalan Bhumi putra,Subhash Shriram Dhondage
MahaRajya,Bagalan Bhumi putra,Tukaram Laxman Dhondage
MahaRajya,Bagalan Bhumi putra,Nimba Sukhdeo Gaikwad
MahaRajya,Bagalan Bhumi putra,Sandip Gopal Birari
MahaRajya,Bagalan Bhumi putra,Madhavrao Nanaji Kapadnis
MahaRajya,Bagalan Bhumi putra,Sahebrao Bhaga Deore
MahaRajya,Bagalan Bhumi putra,Mahesh Nanaji Deore
MahaRajya,Dhabadi Goat,Sanjay Eknath Nikam
MahaRajya,Dhabadi Goat,Ashok Chindu Nikam
MahaRajya,Dhabadi Goat,Namdev Padnarinath Nikam
MahaRajya,Dhabadi Goat,Bajirao Ramchandra Nikam
MahaRajya,Dhabadi Goat,Manoj Madhukar Hire
MahaRajya,Dhabadi Goat,Yashawant Shankar Nikam
MahaRajya,Dhabadi Goat,Sharad Devman Deore
MahaRajya,Dhabadi Goat,Satish Sudhakar Baviskar
MahaRajya,Dhabadi Goat,Hirabai Khushal Nikam
MahaRajya,Dhabadi Goat,Prakash Abhiman Deore
MahaRajya,Dhabadi Goat,Balasaheb Dayaram Suryawanshi
MahaRajya,Dhabadi Goat,Ramrao Tukaram Suryawanshi
MahaRajya,Dhabadi Goat,Nimba Mahadu Sagar
MahaRajya,Dhabadi Goat,Santosh Supadu Sawakar
MahaRajya,Dhabadi Goat,Rajendra Natha Sawakar
MahaRajya,Dhabadi Goat,Keda Baburao Shewale
MahaRajya,Dhabadi Goat,Kanhayya Narayan Deore
MahaRajya,Dhabadi Goat,Sudam Pundlik Deore
MahaRajya,Dhabadi Goat,Madhukar Rambhaji Deore
MahaRajya,Dhabadi Goat,Ashok Rambhaji Deore
MahaRajya,Dhabadi Goat,Ramrao Khanderao Deore
MahaRajya,Dhabadi Goat,Ramrav Khanderao Deore
MahaRajya,Dhabadi Goat,Shantaram Supadu Shevale
MahaRajya,Dhabadi Goat,Shivaji Dhanaji Deore
MahaRajya,Dhabadi Goat,Ashok Narayan Ahire
MahaRajya,Lakhamapur,Diwakar Bhila Bhamare
MahaRajya,Lakhamapur,Sanjay Gangadhar Bhamare
MahaRajya,Lakhamapur,Pravin Bhila Bhamare
MahaRajya,Lakhamapur,Nanaji Namdev Dalvi
MahaRajya,Lakhamapur,Anil Keda Bachhav
MahaRajya,Lakhamapur,Nanaji Motiram Bhamre
MahaRajya,Lakhamapur,Ramesh Keda Bachhav
MahaRajya,Lakhamapur,Dilip Dagaji Somawane
MahaRajya,Lakhamapur,Dinesh Natha Bhamare
MahaRajya,Lakhamapur,Kiran Shankar Kandalkar
MahaRajya,Lakhamapur,Kamlesh Vithal Bachhav
MahaRajya,Lakhamapur,Namdev Khandu Bhadane
MahaRajya,Lakhamapur,Bhimrao Baburao Pawar
MahaRajya,Lakhamapur,Mulkandbai Raghunath Bachhav
MahaRajya,Lakhamapur,Bhaskar Keval Ahire
MahaRajya,Lakhamapur,Panchamsingh Bharatsingh Pardesi
MahaRajya,Lakhamapur,Meenakshi Mohan Raundal
MahaRajya,Lakhamapur,Hemant Popat Ahire
MahaRajya,Lakhamapur,Yogita Narendra Ahire
MahaRajya,Lakhamapur,Sahabrao Madhavrao Ahire
MahaRajya,Lakhamapur,Prakash Yemaji Ingale
MahaRajya,Lakhamapur,Bhaskar Deorav Lokhande
MahaRajya,Lakhamapur,Rajendra Nimba Bagul
MahaRajya,Lakhamapur,Rajendra Kashinath Ingale
MahaRajya,Lakhamapur,Santosh Ramesh Desale
MahaRajya,Lakhamapur,Ashok Deoman Deore
MahaRajya,Lakhamapur,Jaganath Trambak Suryawanshi
MahaRajya,Lakhamapur,Narayan Nathu Gangurde
MahaRajya,Lakhamapur,Rajendra Dadaji Nikam
MahaRajya,Lakhamapur,Appa Jibhau Khairnar
MahaRajya,Lakhamapur,Kiran Prakash Chavan
MahaRajya,Lakhamapur,Roshan Jaganath Ahire
MahaRajya,Lakhamapur,Rajendra Mahadu Bachhav
MahaRajya,Lakhamapur,Manik Lalji Sonawane
MahaRajya,Lakhamapur,Vimal Dadaji Sonawane
MahaRajya,Lakhamapur,Sachin Sudhakar Bhamare
MahaRajya,Lakhamapur,Dinesh Lalji Sonawane
MahaRajya,Lakhamapur,Keval Kalu Sonawane
MahaRajya,Lakhamapur,Nilesh Ramesh Bhamare
MahaRajya,Lakhamapur,Chandrabhaga Ramdas Ahire
MahaRajya,Lakhamapur,Sanjay Kedu Bhamare
MahaRajya,Lakhamapur,Ashok Krushna Pawar
MahaRajya,Lakhamapur,Anil Vaman Jadhav
MahaRajya,Lakhamapur,Monohar Vitthal Jadhav
MahaRajya,Lakhamapur,Nanaji Vaman Jadhav
MahaRajya,Lakhamapur,Sahebrao Savliram Jadhav
MahaRajya,Lakhamapur,Samadhan Vaman Jadhav
MahaRajya,Lakhamapur,Subhash Vaman Jadhav
MahaRajya,Lakhamapur,Manish Bhagvan Khairnar
MahaRajya,Lakhamapur,Sahebrao Abhiman Deore
MahaRajya,Lakhamapur,Mangesh Kashinath Pawar
MahaRajya,Lakhamapur,Rajendra Madhukar Pawar
MahaRajya,Lakhamapur,Prakash Bajirao Khairnar
MahaRajya,Lakhamapur,Yogesh Vaman Pagar
MahaRajya,Lakhamapur,Devman Chindha More
MahaRajya,Shemali Parisar,Narendra Ukha Ahire
MahaRajya,Shemali Parisar,Tushar Eknath Ahire
MahaRajya,Shemali Parisar,Sahebrao Nimba Surywanshi
MahaRajya,Shemali Parisar,Prakash Shantaram NIkumbh
MahaRajya,Shemali Parisar,Ashok Pandit Shewale
MahaRajya,Shemali Parisar,Ramesh Punjaram Nikam
MahaRajya,Shemali Parisar,Kishor Pralhad Nikam
MahaRajya,Shemali Parisar,Dayaram Govinda Borse
MahaRajya,Shemali Parisar,Sahebrao Amrut Surywanshi
MahaRajya,Shemali Parisar,Ratnakar Murlidhar Yeola
MahaRajya,Shemali Parisar,Ratnakar Amrut Surywanshi
MahaRajya,Shemali Parisar,Jagdish Kadu Bagul
MahaRajya,Shemali Parisar,Umaji Gangaram INgale
MahaRajya,Shemali Parisar,Dhiraj Murlidhar Bagul
MahaRajya,Shemali Parisar,Kishor Daulat Bagul
MahaRajya,Panzara Parisar,Vitai
MahaRajya,Panzrakan,Sunanda vijay deore
MahaRajya,Panzrakan,Yayati Arvind Ahirrao
MahaRajya,Panzrakan,Bhalchandra Raghunath Thakare
MahaRajya,Shiv Sai Kamal,Balu Ghamji Bachhav
MahaRajya,Tuljai Agro,Deepak Vithal Ahire
MahaRajya,Tuljai Agro,Parnit Anil Ostwal
MahaRajya,Tuljai Agro,Nimba Raghunath Pawar
MahaRajya,Tuljai Agro,Gaurav Avinash Nirali
MahaRajya,Tuljai Agro,Sunil Vasant Chavan
MahaRajya,Tuljai Agro,Subhash Nagu Chavan
MahaRajya,Tuljai Agro,Bhaskar Vasant Bachhav
MahaRajya,Tuljai Agro,Manik Lakshiman Bachhav
MahaRajya,Tuljai Agro,Abhiman Madhukar Pagar
MahaRajya,Tuljai Agro,Sharad Lotan Pagar A + B
MahaRajya,Tuljai Agro,Danyneshower Motiram Pawar
MahaRajya,Tuljai Agro,Dinkar Vasant Savkar
MahaRajya,Tuljai Agro,Vasant Baliram Nikam
MahaRajya,Tuljai Agro,Shshikant Kashinath
MahaRajya,Tuljai Agro,Keda Ananda Nikam
MahaRajya,Tuljai Agro,Narendra Bhavrav More
MahaRajya,Tuljai Agro,Rajendra Balasaheb Suraywanshi
MahaRajya,Tuljai Agro,Nanaji Shivba Sonawane
MahaRajya,Tuljai Agro,Rakesh Ashok Devre
MahaRajya,Tuljai Agro,Manik Mahadu Chavan
MahaRajya,Tuljai Agro,Sachin Ramesh Mutha A + B
MahaRajya,Tuljai Agro,Ketan Mothabhau Sonawane
MahaRajya,Tuljai Agro,Pushpabai Vishwasrao Patil A + B
MahaRajya,Tuljai Agro,Pushpabai Vishwasrao Patil B
MahaRajya,Tuljai Agro,Rupesh Vasant Sawant
MahaRajya,Tuljai Agro,Kunal Ramesh Mutha A + B
MahaRajya,Tuljai Agro,Bharat Dadaji Pawar
MahaRajya,Tuljai Agro,Vijay Shankar Bachhav
MahaRajya,Tuljai Agro,Saurabh Arun Dalvi
MahaRajya,Tuljai Agro,Dilip Sakharam Dalvi
MahaRajya,Tuljai Agro,Ramesh Bhavrav Bhamre
MahaRajya,Tuljai Agro,Nandkishor Bhavrav Ahire
MahaRajya,Tuljai Agro,Gulabrav Madhavrav Nikam
MahaRajya,Tuljai Agro,Machendra Mulchand Burad
MahaRajya,Tuljai Agro,Ranjan Vinod Shelar
MahaRajya,Tuljai Agro,Chandrakant Bhimla Nikam
MahaRajya,Tuljai Agro,Dadaji Trambyak Pagar
MahaRajya,Tuljai Agro,Suresh Baburao Shinde A +B
MahaRajya,Tuljai Agro,Sharad Nimba Dalvi
MahaRajya,Tuljai Agro,Kalyansingh Dhansingh Wagh
MahaRajya,Tuljai Agro,Vithal Rupaji Ahire
MahaRajya,Tuljai Agro,Chandrabhan Shantilal Pawar
MahaRajya,Tuljai Agro,Khushal Sakharam Ahire
MahaRajya,Tuljai Agro,Hemant Anil Bhamre
MahaRajya,Tuljai Agro,Vinod Nivrutti Nikam
MahaRajya,Tuljai Agro,Ashok Gangadhar Gaykwad
MahaRajya,Tuljai Agro,Shivdas Nimba Sonawane
MahaRajya,Tuljai Agro,Namdev Khandu Bhadane Satana godown
MahaRajya,Tuljai Agro,Jayantilal Kasturchand Gulecha
MahaRajya,Tuljai Agro,Madhukar Shyamrao Pagar
MahaRajya,Tuljai Agro,Kashinath Jibhau Langde
MahaRajya,Tuljai Agro,Amrut Bhaskar Dalvi
MahaRajya,Tuljai Agro,Ashok Dadaji Ahire
MahaRajya,Dhartisewa,Manish Parsmal Godown
Fair N Fresh,Fair N Fresh,Fair N Fresh Cold Storge
Omnifresh Agro,Omnifresh Agro,Omnifresh Agro Cold Storage
MahaRajya,Mosam Khore,Nitin Vishwas Thakre
MahaRajya,Mosam Khore,Bhausaheb Keshv Deore
MahaRajya,Mosam Khore,Krushanrav Tryambhak Thakre
MahaRajya,Mosam Khore,Latabai shivaji wagh
MahaRajya,Mosam Khore,Balchandr Balu Wagh
MahaRajya,Mosam Khore,Somnath Laxman thakre
MahaRajya,Mosam Khore,Madhukar Shankar Amrutkar
MahaRajya,Mosam Khore,Naseem ahmed mohammad
MahaRajya,Mosam Khore,Gangadhar laxman Jadhav
MahaRajya,Mosam Khore,Pavan yashavant thake
MahaRajya,Mosam Khore,Nilesh Popat Thakre
MahaRajya,Mosam Khore,Dikpalsing dongarsing Girase
MahaRajya,Mosam Khore,Suresh Dhondu Sonvane
MahaRajya,Mosam Khore,Shrinivas Jibhau More
MahaRajya,Mosam Khore,Ekanath Pandit Thakre
MahaRajya,Mosam Khore,Padmabai Revba Jadhav
MahaRajya,Mosam Khore,Nandu Dodha Jadhav
MahaRajya,Mosam Khore,Sapna Rakesh Wagh
MahaRajya,Mosam Khore,Mahesh Yashavant Thakre
MahaRajya,Mosam Khore,Bhaidas Narayan Thakre
MahaRajya,Mosam Khore,Kailas Himmat Thakre
MahaRajya,Mosam Khore,Hansraj Uttam Wagh
MahaRajya,Mosam Khore,Bhimrav Baburav Borse
MahaRajya,Mosam Khore,Satish Trambak Thakre
MahaRajya,Mosam Khore,Pratap Fakira Ahire
MahaRajya,Mosam Khore,Digambar Balasaheb Wagh
MahaRajya,Mosam Khore,Satish Hiraman Bachhav
MahaRajya,Mosam Khore,Bhila Tanaji Bachhav
MahaRajya,Mosam Khore,Keval Jibhau Wagh
MahaRajya,Mosam Khore,Suresh Shivaji Thakre
MahaRajya,Mosam Khore,Sima Praful Bachhav
MahaRajya,Mosam Khore,Balu Gopa wagh
MahaRajya,Mosam Khore,Dipak Devram Thakre
MahaRajya,Mosam Khore,Murlidhar Jibhau Wagh
MahaRajya,Mosam Khore,Amol Shravin Thakre
MahaRajya,Mosam Khore,Subhash Dadaji Bhamre
MahaRajya,Mosam Khore,Rajendr Shivaji Wagh
MahaRajya,Mosam Khore,Naneshor Balu Jadhav
MahaRajya,Mosam Khore,Ravvindra Abhimanyu Patil
MahaRajya,Mosam Khore,Nitin Dadaji Thakre
MahaRajya,Mosam Khore,Praduman Bhojesing Thakor
MahaRajya,Mosam Khore,Mosam Khore Kothre Fata
MahaRajya,Mosam Khore,Kadu Trambak Hire
MahaRajya,Mosam Khore,Suresh Bhaskar Thakre
MahaRajya,Mosam Khore,Sharad Uttam Wagh
MahaRajya,Mosam Khore,Gorkh Kails Jadhav
MahaRajya,Mosam Khore,Shivaji Dadaji Jadhav
MahaRajya,Mosam Khore,Prabhakar Dharma Bachhav
MahaRajya,Mosam Khore,Bhaskar Chinda Wagh
MahaRajya,Mosam Khore,Subhash Vitthal shevale
MahaRajya,Mosam Khore,Hemant Prabhakar Jadhav
MahaRajya,Mosam Khore,Dipak Murlidhar Wagh
MahaRajya,Mosam Khore,Bhaskar Gopa Wagh
MahaRajya,Mosam Khore,Uattam Barku More
MahaRajya,Mosam Khore,Subhas Kalu More
MahaRajya,Mosam Khore,Dhodiram Valmik Shewale
MahaRajya,Mosam Khore,Samadhan Shagan Sewale
MahaRajya,Mosam Khore,Vaibhav Onkar Shevale
MahaRajya,Mosam Khore,Vikas Karabari Jadhav
MahaRajya,Girna Khore,Vajgaon G-1
MahaRajya,Girna Khore,Lohoner G-1
MahaRajya,Girna Khore,Vithewadi G-1
MahaRajya,Girna Khore,Khalap G-1
MahaRajya,Girna Khore,Vitevadi G-2
MahaRajya,Girna Khore,Lohoner G-2
MahaRajya,Girna Khore,Bhaur G-1
MahaRajya,Girna Khore,Vitevadi G-3
MahaRajya,Girna Khore,Khalap G-2
MahaRajya,Girna Khore,Meshi G-1
MahaRajya,Girna Khore,Vasol G-1
MahaRajya,Girna Khore,Deola G-1
MahaRajya,Girna Khore,Bhaur G-2
MahaRajya,Girna Khore,Devpurpade G-1
MahaRajya,Girna Khore,Vitevadi G-4
MahaRajya,Girna Khore,Ravlaji G-1
MahaRajya,Girna Khore,Pale G-1
MahaRajya,Girna Khore,Bhaur G-3
MahaRajya,Girna Khore,Bhaur G-4
MahaRajya,Girna Khore,Bijore G-1
MahaRajya,Girna Khore,Saundane G-1
MahaRajya,Girna Khore,Kalwan G-1
MahaRajya,Girna Khore,Vitevadi G-5
MahaRajya,Girna Khore,Vitevadi G-6
MahaRajya,Girna Khore,Pale G-2
MahaRajya,Girna Khore,Umrane G-1
MahaRajya,Girna Khore,Shirasmani G-1
MahaRajya,Girna Khore,Nivane G-1
MahaRajya,Girna Khore,Meshi G-2
MahaRajya,Girna Khore,Umarane G-2
MahaRajya,Girna Khore,Bhaur G-5
MahaRajya,Girna Khore,Khedgao G-1
MahaRajya,Girna Khore,Lohoner G-3
MahaRajya,Girna Khore,Umarane G-3
MahaRajya,Girna Khore,Vasol G-2
MahaRajya,Girna Khore,Nivane G-2
MahaRajya,Girna Khore,Khedgaon G-2
MahaRajya,Girna Khore,Vajgaon G-2
MahaRajya,Girna Khore,Umrane G-4
MahaRajya,Girna Khore,Chacher G-1
MahaRajya,Girna Khore,Khamkheda G-1
MahaRajya,Girna Khore,Umrane G-40
MahaRajya,Girna Khore,Umrane G-5
MahaRajya,Girna Khore,Khedgaon G-3
MahaRajya,Girna Khore,Umrane G-6
MahaRajya,Girna Khore,Umrane G-7
MahaRajya,Girna Khore,Vajgaon G-3
MahaRajya,Girna Khore,Umarane G-8
MahaRajya,Girna Khore,Lohanaer G-4
MahaRajya,Girna Khore,Khamkheda G-2
MahaRajya,Girna Khore,Umarane G-9
MahaRajya,Girna Khore,Umarane G-10
MahaRajya,Girna Khore,Umarane G-7
MahaRajya,Girna Khore,Kalwan G-2
MahaRajya,Girna Khore,Umarane G-11
MahaRajya,Girna Khore,Umarane G-12
MahaRajya,Girna Khore,Umarane G-13
MahaRajya,Girna Khore,Umarane G-14
MahaRajya,Girna Khore,Umarane G-15
MahaRajya,Girna Khore,Umarane G-16
MahaRajya,Girna Khore,Khamkheda G-3
MahaRajya,Girna Khore,Khamkheda G-4
MahaRajya,Girna Khore,Lohoner G-5
MahaRajya,Girna Khore,Lakhmapur G-1
MahaRajya,Girna Khore,Lakhmapur G-2
MahaRajya,Girna Khore,Dhandri G-1
MahaRajya,Girna Khore,Umarane G-17
MahaRajya,Girna Khore,Umarane G-18
MahaRajya,Girna Khore,Khamkheda G-5
MahaRajya,Girna Khore,Khamkheda G-6
MahaRajya,Girna Khore,Khamkheda G-7
MahaRajya,Girna Khore,Vitevadi G-8
MahaRajya,Girna Khore,Lakhmapur G-3
MahaRajya,Girna Khore,Umarane G-19
MahaRajya,Girna Khore,Umarane G-20
MahaRajya,Girna Khore,Bramhangao G-1
MahaRajya,Girna Khore,Abhona G-1
MahaRajya,Girna Khore,Umrane G-21
MahaRajya,Girna Khore,Pale G-3
MahaRajya,Girna Khore,Umarane G-22
MahaRajya,Girna Khore,Umarane G-23
MahaRajya,Girna Khore,Khedgaon G-4
MahaRajya,Girna Khore,Khedgaon G-5
MahaRajya,Girna Khore,Khedgaon G-8
MahaRajya,Girna Khore,Savki G-1
MahaRajya,Girna Khore,Lohoner G-6
MahaRajya,Girna Khore,Pimpalgaon G-1
MahaRajya,Girna Khore,Khamkheda G-9
MahaRajya,Girna Khore,Khedgaon G-6
MahaRajya,Girna Khore,Khedgaon G-7
MahaRajya,Girna Khore,Umarane G-24
MahaRajya,Girna Khore,Tengoda G-1
MahaRajya,Girna Khore,Khamkheda G-10
MahaRajya,Girna Khore,Umarane G-25
MahaRajya,Girna Khore,Karkane G-1
MahaRajya,Girna Khore,umarane G-26
MahaRajya,Girna Khore,Savki G-2
MahaRajya,Girna Khore,Nimbola G-1
MahaRajya,Girna Khore,Umarane G-27
MahaRajya,Girna Khore,Khalap G-3
MahaRajya,Girna Khore,Lohoner G-7
MahaRajya,Girna Khore,Bhadvan G-1
MahaRajya,Girna Khore,Khedgaon G-9
MahaRajya,Girna Khore,Khamkheda G-11
MahaRajya,Girna Khore,Khamkheda G-12
MahaRajya,Girna Khore,Rameshwar G-1
MahaRajya,Girna Khore,Khamkheda G-13
MahaRajya,Girna Khore,Kharde G-1
MahaRajya,Girna Khore,Bhaur G-6
MahaRajya,Girna Khore,Umarane G-28
MahaRajya,Girna Khore,Umarane G-29
MahaRajya,Girna Khore,Vitevadi G-9
MahaRajya,Girna Khore,Meshi G-3
MahaRajya,Girna Khore,Lohoner G-8
MahaRajya,Girna Khore,Umarane G-30
MahaRajya,Girna Khore,Umarane G-31
MahaRajya,Girna Khore,Umarane G-32
MahaRajya,Girna Khore,Kharde G-2
MahaRajya,Girna Khore,Umarane G-33
MahaRajya,Girna Khore,Lakhmapur G-4
MahaRajya,Girna Khore,Savki G-3
MahaRajya,Girna Khore,Khedgaon G-10
MahaRajya,Girna Khore,Khedgaon G-11
MahaRajya,Girna Khore,Savki G-4
MahaRajya,Girna Khore,Savki G-5
MahaRajya,Girna Khore,Kharde G-3
MahaRajya,Girna Khore,Vajgaon G-4
MahaRajya,Girna Khore,Umrane G-34
MahaRajya,Girna Khore,Umrane G-35
MahaRajya,Girna Khore,Savaki G-6
MahaRajya,Girna Khore,Lohoner G-9
MahaRajya,Girna Khore,Khalap G-4
MahaRajya,Girna Khore,Joran G-1
MahaRajya,Girna Khore,Lohoner G-10
MahaRajya,Girna Khore,Kharde G-5
MahaRajya,Girna Khore,Umarane G-36
MahaRajya,Girna Khore,Khalap G-5
MahaRajya,Girna Khore,Khamkheda G-14
MahaRajya,Girna Khore,Vithewadi G-10
MahaRajya,Girna Khore,Lohoner G-11
MahaRajya,Girna Khore,Savki G-7
MahaRajya,Girna Khore,Bhaur G-7
MahaRajya,Girna Khore,Vithevadi G-11
MahaRajya,Girna Khore,Lohonear G-12
MahaRajya,Girna Khore,Kakane G-2
MahaRajya,Girna Khore,Umrana G-37
MahaRajya,Girna Khore,Desrane G-1
MahaRajya,Girna Khore,Desrane G-2
MahaRajya,Girna Khore,Desrane G-3
MahaRajya,Girna Khore,Bijore G-2
MahaRajya,Girna Khore,Umarane G-38
MahaRajya,Girna Khore,Kalmathe G-1
MahaRajya,Girna Khore,Khedgaon G-12
MahaRajya,Girna Khore,Desrane G-4
MahaRajya,Girna Khore,Umarane G-39
MahaRajya,Girna Khore,Vithevadi G-12
MahaRajya,Girna Khore,Nivane G-3
MahaRajya,Girna Khore,Khedgaon G-13
MahaRajya,Girna Khore,Kalwan G-3
MahaRajya,Girna Khore,Khamkheda G-15
MahaRajya,Girna Khore,Kadhane G-1
MahaRajya,Girna Khore,Vasolpade G-1
MahaRajya,Girna Khore,Vithewadi G-13
MahaRajya,Girna Khore,Khamkheda G-16
MahaRajya,Girna Khore,Khamkheda G-17
MahaRajya,Girna Khore,Khamkheda G-18
MahaRajya,Kasmade Parisar Agro,Pravin Jagnnath Deore
MahaRajya,Kasmade Parisar Agro,Jagdhish Khandu Bhamare
MahaRajya,Kasmade Parisar Agro,Kasmade Parisar APC
MahaRajya,Kasmade Parisar Agro,Tulshiram Ratan Bhamre
MahaRajya,Kasmade Parisar Agro,Ananda Mahadu Deore
MahaRajya,Kasmade Parisar Agro,Harshal Yashwant Borse
MahaRajya,Kasmade Parisar Agro,Kasmade Parisar APC / Shed 1
MahaRajya,Kasmade Parisar Agro,Kasmade Parisar APC / Shed 2
MahaRajya,Kasmade Parisar Agro,Pramod Madhukar Khairnar
MahaRajya,Kasmade Parisar Agro,Ujjawal Madhukar Khairnar
MahaRajya,Kasmade Parisar Agro,Pradip Shreepat Borse
MahaRajya,Kasmade Parisar Agro,Pradip Shivaji Bhamare
MahaRajya,Kasmade Parisar Agro,Mothabhau Shambhau Bhamare
MahaRajya,Kasmade Parisar Agro,Shaebrao Zipru Bhamare
MahaRajya,Kasmade Parisar Agro,Satish Yashvant Bhamare
MahaRajya,Kasmade Parisar Agro,Devidas Dadaji Bhamare
MahaRajya,Kasmade Parisar Agro,Kishor Shitaram Bhamare
MahaRajya,Kasmade Parisar Agro,Anil Govinda Sonawane
MahaRajya,Kasmade Parisar Agro,Dattu Ananda Pagar
MahaRajya,Kasmade Parisar Agro,Madhukar Namdeo Nikam
MahaRajya,Kasmade Parisar Agro,Dhanalal Kisanlal Badjate
MahaRajya,Kasmade Parisar Agro,Dattatrey Vaman Vikhrankar
MahaRajya,Kasmade Parisar Agro,Kamal Bapu Bhamare
MahaRajya,Kasmade Parisar Agro,Bhaskar Devchand Sakhare
MahaRajya,Kasmade Parisar Agro,Ramdas Daval Thombare
MahaRajya,Kasmade Parisar Agro,Bhika Bhaga Gangurde
MahaRajya,Kasmade Parisar Agro,Vishwajit Dilip Nikam
MahaRajya,Kasmade Parisar Agro,Nasirkhan Basirkhan Pathan
MahaRajya,Kasmade Parisar Agro,Anil Ramdas Ahire
MahaRajya,Kasmade Parisar Agro,Dattatrey Narayan Bhamare
MahaRajya,Kasmade Parisar Agro,Rakesh Kashinath Jadhav
MahaRajya,Kasmade Parisar Agro,Daga Savla Gangurde
MahaRajya,Kasmade Parisar Agro,Rajendra Keda Deore
MahaRajya,Kasmade Parisar Agro,Balvant Dharma Deore
MahaRajya,Kasmade Parisar Agro,Yadav Maharu Ahire
MahaRajya,Kasmade Parisar Agro,Vasant Namdeo Nikam
MahaRajya,Kasmade Parisar Agro,Pandit Baliram Savla
MahaRajya,Kasmade Parisar Agro,Dilip Waman Bhamare
MahaRajya,Kasmade Parisar Agro,Vilas Balu Khairnar
MahaRajya,Kasmade Parisar Agro,Hiraman Subhash Gangurde
MahaRajya,Kasmade Parisar Agro,Pandit Kautik Pawar
MahaRajya,Kasmade Parisar Agro,Lilabai Nimba Ahire
MahaRajya,Kasmade Parisar Agro,Baburao Dharma Pagar
MahaRajya,Kasmade Parisar Agro,Rajaram Bhika Chaudhari
MahaRajya,Kasmade Parisar Agro,Ramesh Madhu Wagh
MahaRajya,Kasmade Parisar Agro,Ramesh Bhimrao Pawar
MahaRajya,Kasmade Parisar Agro,Lina Gorakha More
MahaRajya,Kasmade Parisar Agro,Dipak Dattatray Gharte
MahaRajya,Kasmade Parisar Agro,Amrut Namdeo Jadhav
MahaRajya,Kasmade Parisar Agro,Namdeo Vittal Jadhav
MahaRajya,Kasmade Parisar Agro,Mangu Hari Jadhav
MahaRajya,Kasmade Parisar Agro,Waman Nanaji Khairnar
MahaRajya,Kasmade Parisar Agro,Dinesh Dayaram Pawar
MahaRajya,Kasmade Parisar Agro,Daga Yashvant Bhamare
MahaRajya,Kasmade Parisar Agro,Kiran Balu Khairnar
MahaRajya,Kasmade Parisar Agro,Madhukar Vittal Borse
MahaRajya,Kasmade Parisar Agro,Sunil Hari Bhamare
MahaRajya,Kasmade Parisar Agro,Sanjay Bhika Khairnar
MahaRajya,Kasmade Parisar Agro,Panan / Kasmade Parisar APC
MahaRajya,Kasmade Parisar Agro,Sandip Raghunath Hyalij
MahaRajya,Kasmade Parisar Agro,Vaishali Vinayk Khairnar
MahaRajya,Kasmade Parisar Agro,Rajendra Babaji Nandre
MahaRajya,Kasmade Parisar Agro,Subhash Dayaram Bhamare
MahaRajya,Kasmade Parisar Agro,Dipak Sahebrao Nikam
MahaRajya,Kasmade Parisar Agro,Kalpana Dhondu Jadhav
MahaRajya,Kasmade Parisar Agro,Mohan Shankar Bhamare
MahaRajya,Kasmade Parisar Agro,Bajirao Sukhdeo Bhamare
MahaRajya,Kasmade Parisar Agro,Anjanabai Pandit Savla
MahaRajya,Kasmade Parisar Agro,Ramdas Ananda Bagul
MahaRajya,Kasmade Parisar Agro,Pandurang Bhimrao Pawar
MahaRajya,Kasmade Parisar Agro,Keval Daval Deore
MahaRajya,Kasmade Parisar Agro,Santaram Nimba Deore
MahaRajya,Kasmade Parisar Agro,Suresh Daga Pawar
MahaRajya,Kasmade Parisar Agro,Karbhari Kalu Deore
MahaRajya,Kasmade Parisar Agro,KP Ratnakar Murlidhar Yeola
MahaRajya,Kasmade Parisar Agro,Vijay Ananda Pawar
Kala Biotech,Kala Biotech,Kala Biotech Godown
MahaRajya,Shetkranti FPC,Manish Parshamal Bora
MahaRajya,Shetkranti FPC,Bajirao Buddha Sawant
MahaRajya,Shetkranti FPC,Yogesh Rajaram Gunjal
MahaRajya,Shetkranti FPC,Avinash Bajirao Nikam
Test,Test,Test
N/A,N/A,Shiv Meda
N/A,N/A,Manubhai
N/A,N/A,Veera Bhai
N/A,N/A,Jayeshbhai
N/A,N/A,Kantibhai
N/A,N/A,Regency
N/A,N/A,Ravjibhai
N/A,N/A,Rajubhau
N/A,N/A,Praveenbhai
N/A,Ambrocia Seeds Indore,Indore
N/A,Ambrocia DJ Agrys,DJ Agrys Indore
N/A,Ambrocia JRG ,JRG Indore
N/A,Thikari,Jamli Mhow Indore
N/A,Ambrocia Ashtha,Onion Complex Ashtha - Ambrocia
N/A,Madhya Bharat,Onion Complex Ashtha -Madhya bharat
N/A,Deep Jyoti,Onion Complex Ashtha - Deep Jyoti
N/A,Ratlam Adivasi,"Khachrod, Ratlam"
MahaRajya,Krushi Raja FPC,Kharifata G-1
MahaRajya,Krushi Raja FPC,KR Umrane G-1
MahaRajya,Krushi Raja FPC,KR Umrane G-4
MahaRajya,Krushi Raja FPC,Umrane G-2
MahaRajya,Krushi Raja FPC,Kharifata G-2
MahaRajya,Krushi Raja FPC,Chandwad G-1
MahaRajya,Krushi Raja FPC,Umrane G-3
MahaRajya,Krushi Raja FPC,Dahiwad G-1
MahaRajya,Krushi Raja FPC,Shivnagar G-1
MahaRajya,Krushi Raja FPC,Bhour G-1
MahaRajya,Krushi Raja FPC,Manmad G-1
MahaRajya,Krushi Raja FPC,Manmad G-2
MahaRajya,Krushi Raja FPC,Dahiwad G-2
MahaRajya,Krushi Raja FPC,Vaygoan G-1
MahaRajya,Krushi Raja FPC,Bijorse G-1
MahaRajya,Krushi Raja FPC,Kharifata G-3
Mahakisan,Om Sendriy FPC,Kastkar Godown
MahaRajya,Madhurved,Belhe
MahaRajya,Madhurved,BOTA
MahaRajya,IRJIC,IRJIC - Belhe
MahaRajya,IRJIC,IRJIC - BOTA
